platform_a,question_a,yes_ask_a,no_ask_a,platform_b,question_b,yes_ask_b,no_ask_b,score,confirmed
polymarket,Will the Fed increase interest rates by 25 bps after the October 2026 meeting?,0.16,0.85,kalshi,Will the Federal Reserve Hike rates by 25bps at their October 2026 meeting?,0.16,0.85,75.49669,1
polymarket,Will the Fed increase interest rates by 25 bps after the October 2026 meeting?,0.16,0.85,kalshi,Will the Federal Reserve Hike rates by 25bps at their October 2027 meeting?,0.09,0.94,74.17219,0
polymarket,Will the Fed increase interest rates by 25 bps after the October 2026 meeting?,0.16,0.85,kalshi,Will the Federal Reserve Hike rates by >25bps at their October 2027 meeting?,0.12,0.91,74.17219,0
polymarket,Will the Fed decrease interest rates by 25 bps after the October 2026 meeting?,0.004,0.997,kalshi,Will the Federal Reserve Hike rates by 25bps at their October 2026 meeting?,0.16,0.85,74.17219,0
polymarket,Will the Fed decrease interest rates by 25 bps after the October 2026 meeting?,0.004,0.997,kalshi,Will the Federal Reserve Cut rates by 25bps at their October 2027 meeting?,0.09,0.92,73.333336,0
polymarket,Will the Fed decrease interest rates by 25 bps after the October 2026 meeting?,0.004,0.997,kalshi,Will the Federal Reserve Cut rates by >25bps at their October 2027 meeting?,0.05,0.96,73.333336,0
polymarket,Will the Fed decrease interest rates by 50+ bps after the December 2026 meeting?,0.005,0.997,kalshi,Will the Federal Reserve Hike rates by >25bps at their December 2026 meeting?,0.03,0.98,73.202614,0
polymarket,Will the Fed decrease interest rates by 50+ bps after the December 2026 meeting?,0.005,0.997,kalshi,Will the Federal Reserve Hike rates by 25bps at their December 2026 meeting?,0.74,0.27,73.202614,0
polymarket,Will the Fed decrease interest rates by 50+ bps after the October 2026 meeting?,0.002,0.999,kalshi,Will the Federal Reserve Hike rates by 25bps at their October 2026 meeting?,0.16,0.85,72.84768,0
polymarket,Will the Fed decrease interest rates by 25 bps after the October 2026 meeting?,0.004,0.997,kalshi,Will the Federal Reserve Hike rates by >25bps at their October 2027 meeting?,0.12,0.91,72.84768,0
polymarket,Will the Fed decrease interest rates by 25 bps after the October 2026 meeting?,0.004,0.997,kalshi,Will the Federal Reserve Hike rates by 25bps at their October 2027 meeting?,0.09,0.94,72.84768,0
polymarket,Will the Fed increase interest rates by 25 bps after the October 2026 meeting?,0.16,0.85,kalshi,Will the Federal Reserve Hike rates by 0bps at their October 2026 meeting?,0.84,0.17,72.0,0
polymarket,Will the Fed decrease interest rates by 50+ bps after the October 2026 meeting?,0.002,0.999,kalshi,Will the Federal Reserve Cut rates by 25bps at their October 2027 meeting?,0.09,0.92,72.0,0
polymarket,Will the Fed decrease interest rates by 50+ bps after the October 2026 meeting?,0.002,0.999,kalshi,Will the Federal Reserve Cut rates by >25bps at their October 2027 meeting?,0.05,0.96,72.0,0
polymarket,Will the Fed decrease interest rates by 50+ bps after the December 2026 meeting?,0.005,0.997,kalshi,Will the Federal Reserve Hike rates by 25bps at their December 2027 meeting?,0.14,0.98,71.895424,0
polymarket,Will the Fed decrease interest rates by 50+ bps after the December 2026 meeting?,0.005,0.997,kalshi,Will the Federal Reserve Hike rates by >25bps at their December 2027 meeting?,0.09,0.99,71.895424,0
polymarket,Will the Fed decrease interest rates by 50+ bps after the October 2026 meeting?,0.002,0.999,kalshi,Will the Federal Reserve Hike rates by 25bps at their October 2027 meeting?,0.09,0.94,71.52318,0
polymarket,Will the Fed decrease interest rates by 50+ bps after the October 2026 meeting?,0.002,0.999,kalshi,Will the Federal Reserve Hike rates by >25bps at their October 2027 meeting?,0.12,0.91,71.52318,0
polymarket,Will the Fed decrease interest rates by 50+ bps after the December 2026 meeting?,0.005,0.997,kalshi,Will the Federal Reserve Hike rates by 0bps at their December 2026 meeting?,0.25,0.76,71.052635,0
polymarket,Will the Fed decrease interest rates by 50+ bps after the December 2026 meeting?,0.005,0.997,kalshi,Will the Federal Reserve Cut rates by 25bps at their December 2026 meeting?,0.03,0.98,71.052635,0
polymarket,Will the Fed decrease interest rates by 25 bps after the October 2026 meeting?,0.004,0.997,kalshi,Will the Federal Reserve Hike rates by 25bps at their December 2026 meeting?,0.74,0.27,71.052635,0
polymarket,Will the Fed decrease interest rates by 25 bps after the October 2026 meeting?,0.004,0.997,kalshi,Will the Federal Reserve Hike rates by >25bps at their December 2026 meeting?,0.03,0.98,71.052635,0
polymarket,Will the Fed increase interest rates by 25 bps after the October 2026 meeting?,0.16,0.85,kalshi,Will the Federal Reserve Cut rates by 25bps at their October 2027 meeting?,0.09,0.92,70.666664,0
polymarket,Will the Fed increase interest rates by 25 bps after the October 2026 meeting?,0.16,0.85,kalshi,Will the Federal Reserve Cut rates by >25bps at their October 2027 meeting?,0.05,0.96,70.666664,0
polymarket,Will the Fed increase interest rates by 25 bps after the October 2026 meeting?,0.16,0.85,kalshi,Will the Federal Reserve Hike rates by 0bps at their October 2027 meeting?,0.7,0.43,70.666664,0
polymarket,Will the Fed decrease interest rates by 50+ bps after the October 2026 meeting?,0.002,0.999,kalshi,Will the Federal Reserve Hike rates by 0bps at their October 2026 meeting?,0.84,0.17,70.666664,0
polymarket,Will the Fed decrease interest rates by 25 bps after the October 2026 meeting?,0.004,0.997,kalshi,Will the Federal Reserve Hike rates by 0bps at their October 2026 meeting?,0.84,0.17,70.666664,0
polymarket,Will the Fed decrease interest rates by 25 bps after the October 2026 meeting?,0.004,0.997,kalshi,Will the Federal Reserve Cut rates by 25bps at their December 2026 meeting?,0.03,0.98,70.19868,0
polymarket,Will Chris Van Hollen win the 2028 Democratic presidential nomination?,0.002,0.999,manifold,Will a Democrat win the 2028 Presidential Election?,0.6261692562257297,0.3738307437742703,78.9916,0
polymarket,Will the Democratic Party control the Senate after the 2026 Midterm elections?,0.64,0.37,manifold,Will the Democratic Party Candidate win the 2026 Maine Senate Election?,0.5879876636339305,0.4120123363660695,78.91157,0
polymarket,Will Kamala Harris win the 2028 Democratic presidential nomination?,0.071,0.931,manifold,Will a Democrat win the 2028 Presidential Election?,0.6261692562257297,0.3738307437742703,77.586205,0
polymarket,Will Raphael Warnock win the 2028 Democratic presidential nomination?,0.013,0.988,manifold,Will the Democratic Party win the 2028 Presidential Election?,0.5871108368705267,0.4128891631294733,76.5625,0
polymarket,Will Chris Van Hollen win the 2028 Democratic presidential nomination?,0.002,0.999,manifold,Will the Democratic Party win the 2028 Presidential Election?,0.5871108368705267,0.4128891631294733,75.968994,0
polymarket,Will David Lisnard win the 2027 French presidential election?,0.13,0.871,manifold,Will the Democratic Party win the 2028 Presidential Election?,0.5871108368705267,0.4128891631294733,75.0,0
polymarket,Will Kamala Harris win the 2028 Democratic presidential nomination?,0.071,0.931,manifold,Will the Democratic Party win the 2028 Presidential Election?,0.5871108368705267,0.4128891631294733,74.60317,0
polymarket,Will Raphael Warnock win the 2028 Democratic presidential nomination?,0.013,0.988,manifold,Will a Democrat win the 2028 Presidential Election?,0.6261692562257297,0.3738307437742703,74.57627,0
polymarket,Will David Lisnard win the 2027 French presidential election?,0.13,0.871,manifold,Will a Democrat win the 2028 Presidential Election?,0.6261692562257297,0.3738307437742703,74.545456,0
polymarket,Will Christine Lagarde win the 2027 French presidential election?,0.005,0.996,manifold,Will the Democratic Party win the 2028 Presidential Election?,0.5871108368705267,0.4128891631294733,74.19355,0
polymarket,Will Flávio Bolsonaro win the 2026 Brazilian presidential election?,0.868,0.133,manifold,Will a Democrat win the 2028 Presidential Election?,0.6261692562257297,0.3738307437742703,74.13793,0
polymarket,Will the Democratic Party control the House after the 2026 Midterm elections?,0.91,0.09999999999999998,manifold,Will the Democratic Party Candidate win the 2026 Maine Senate Election?,0.5879876636339305,0.4120123363660695,73.9726,0
polymarket,Will Christine Lagarde win the 2027 French presidential election?,0.005,0.996,manifold,Will a Democrat win the 2028 Presidential Election?,0.6261692562257297,0.3738307437742703,73.68421,0
polymarket,Will David Lisnard win the 2027 French presidential election?,0.13,0.871,manifold,Will the U.S. have a free and fair presidential election in 2028?,0.6376647713410575,0.3623352286589425,73.17073,0
polymarket,Will the Republican Party control the Senate after the 2026 Midterm elections?,0.37,0.64,manifold,Will Republicans win the Senate in the 2026 elections?,0.3413830422670065,0.6586169577329934,72.30769,1
polymarket,Will David Lisnard win the 2027 French presidential election?,0.13,0.871,manifold,Will JD Vance win the 2028 US Presidential Election?,0.20283402792043925,0.7971659720795607,72.072075,0
polymarket,Will Marine Le Pen win the 2027 French presidential election?,0.411,0.5900000000000001,manifold,Will the U.S. have a free and fair presidential election in 2028?,0.6376647713410575,0.3623352286589425,71.544716,0
polymarket,Will Marine Le Pen win the 2027 French presidential election?,0.411,0.5900000000000001,manifold,Will a Democrat win the 2028 Presidential Election?,0.6261692562257297,0.3738307437742703,70.90909,0
polymarket,Will the Republican Party control the House after the 2026 Midterm elections?,0.1,0.91,manifold,Will the Republicans win a majority in the House of Representatives in the 2026 elections?,0.06542226707330269,0.9345777329266973,70.30303,1
polymarket,Will Marine Le Pen win the 2027 French presidential election?,0.411,0.5900000000000001,manifold,Will JD Vance win the 2028 US Presidential Election?,0.20283402792043925,0.7971659720795607,70.27027,0
polymarket,Will David Lisnard win the 2027 French presidential election?,0.13,0.871,manifold,"Will the 2028 US presidential election occur ""as normal""?",0.7499999999999998,0.2500000000000002,70.17544,0
polymarket,Will David Lisnard win the 2027 French presidential election?,0.13,0.871,manifold,Will the 2028 US Presidential election happen normally?,0.6682862734659244,0.3317137265340756,70.17544,0
polymarket,Will Marine Le Pen win the 2027 French presidential election?,0.411,0.5900000000000001,manifold,Will the 2028 US Presidential election happen normally?,0.6682862734659244,0.3317137265340756,70.17544,0
polymarket,Will Raphaël Glucksmann win the 2027 French presidential election?,0.011,0.99,manifold,Will Taylor Swift win the 2028 presidential election?,0.02609616283970711,0.9739038371602929,70.08547,0
polymarket,Will Chris Van Hollen win the 2028 Democratic presidential nomination?,0.002,0.999,manifold,Will JD Vance win the 2028 US Presidential Election?,0.20283402792043925,0.7971659720795607,70.0,0
polymarket,Will Marine Le Pen win the 2027 French presidential election?,0.411,0.5900000000000001,manifold,Will the Democratic Party win the 2028 Presidential Election?,0.5871108368705267,0.4128891631294733,70.0,0
